"Name","Start","End","Duration","Process"
"ManicTime -","7/10/2013 7:37:02 AM","7/10/2013 7:37:07 AM","0:00:05","ManicTime"
"ManicTime - TRIAL","7/10/2013 7:37:07 AM","7/10/2013 7:37:30 AM","0:00:23","ManicTime"
"Lead_4","7/10/2013 7:37:30 AM","7/10/2013 7:37:50 AM","0:00:20","MATLAB"
"Udemy - Online Courses from the World's Experts - Google Chrome","7/10/2013 7:37:50 AM","7/10/2013 7:37:57 AM","0:00:07","Google Chrome"
"Inbox - JOHN.A.THOMPSON@UCDENVER.EDU - Outlook","7/10/2013 8:25:59 AM","7/10/2013 8:26:12 AM","0:00:13","Microsoft Outlook"
"Tag away time","7/10/2013 8:26:12 AM","7/10/2013 8:26:21 AM","0:00:09","ManicTime"
"ManicTime - TRIAL","7/10/2013 8:26:21 AM","7/10/2013 8:26:34 AM","0:00:13","ManicTime"
"Microsoft® Windows® Operating System","7/10/2013 8:26:34 AM","7/10/2013 8:26:46 AM","0:00:12","Microsoft® Windows® Operating System"
"Inbox - john.arthur.thompson@gmail.com - Gmail - Google Chrome","7/10/2013 8:26:46 AM","7/10/2013 8:26:53 AM","0:00:07","Google Chrome"
"Your question has been answered - john.arthur.thompson@gmail.com - Gmail - Google Chrome","7/10/2013 8:26:53 AM","7/10/2013 8:27:00 AM","0:00:07","Google Chrome"
"Page Redirect - Google Chrome","7/10/2013 8:27:00 AM","7/10/2013 8:27:06 AM","0:00:06","Google Chrome"
"Suunto Ambit2 Black (HR) - Suunto - Google Chrome","7/10/2013 8:27:06 AM","7/10/2013 8:27:16 AM","0:00:10","Google Chrome"
"Suunto Ambit2 Black (HR) - Suunto - Google Chrome","7/10/2013 8:27:16 AM","7/10/2013 8:31:39 AM","0:04:23","Google Chrome"
"Inbox - john.arthur.thompson@gmail.com - Gmail - Google Chrome","7/10/2013 8:31:39 AM","7/10/2013 8:31:44 AM","0:00:05","Google Chrome"
"New tab - Google Chrome","7/10/2013 8:31:44 AM","7/10/2013 8:31:52 AM","0:00:08","Google Chrome"
"Inbox - JOHN.A.THOMPSON@UCDENVER.EDU - Outlook","7/10/2013 8:31:52 AM","7/10/2013 8:32:04 AM","0:00:12","Microsoft Outlook"
"johnathompson's 0:34 h Running Move - Google Chrome","7/10/2013 8:32:04 AM","7/10/2013 8:32:15 AM","0:00:11","Google Chrome"
"Move_2013_07_09_18_58_28  [Protected View] - Excel","7/10/2013 8:32:15 AM","7/10/2013 8:33:28 AM","0:01:13","Microsoft Office 2013"
"Move_2013_07_09_18_58_28 - Excel","7/10/2013 8:33:28 AM","7/10/2013 8:34:09 AM","0:00:41","Microsoft Office 2013"
"Support - ManicTime - Google Chrome","7/10/2013 9:36:15 AM","7/10/2013 9:36:24 AM","0:00:09","Google Chrome"
"Tetrode Information - Google Chrome","7/10/2013 9:36:24 AM","7/10/2013 9:36:31 AM","0:00:07","Google Chrome"
"neuropil/moralecon - Google Chrome","7/10/2013 9:36:31 AM","7/10/2013 9:36:40 AM","0:00:09","Google Chrome"
"neuropil (John) - Google Chrome","7/10/2013 9:36:40 AM","7/10/2013 9:36:48 AM","0:00:08","Google Chrome"
"Lead_3","7/10/2013 9:36:48 AM","7/10/2013 9:36:55 AM","0:00:07","MATLAB"
"Inbox - JOHN.A.THOMPSON@UCDENVER.EDU - Outlook","7/10/2013 9:36:55 AM","7/10/2013 9:37:04 AM","0:00:09","Microsoft Outlook"
"New tab - Google Chrome","7/10/2013 9:37:04 AM","7/10/2013 9:37:10 AM","0:00:06","Google Chrome"
"R-bloggers | R news & tutorials from the web - Google Chrome","7/10/2013 9:37:10 AM","7/10/2013 9:37:51 AM","0:00:41","Google Chrome"
"2013-7 Advanced SVG Graphics from R | (R news & tutorials) - Google Chrome","7/10/2013 9:37:51 AM","7/10/2013 9:37:59 AM","0:00:08","Google Chrome"
"2013-7 Advanced SVG Graphics from R | Stat Tech - Google Chrome","7/10/2013 9:37:59 AM","7/10/2013 9:38:15 AM","0:00:16","Google Chrome"
"Advanced SVG Graphics from R - Google Chrome","7/10/2013 9:38:15 AM","7/10/2013 9:39:40 AM","0:01:25","Google Chrome"
"CRAN - Package gridSVG - Google Chrome","7/10/2013 9:39:40 AM","7/10/2013 9:39:52 AM","0:00:12","Google Chrome"
"Advanced SVG Graphics from R - Google Chrome","7/10/2013 9:39:52 AM","7/10/2013 9:39:57 AM","0:00:05","Google Chrome"
"Stat Tech | Statistics Technical Blog - Google Chrome","7/10/2013 9:39:57 AM","7/10/2013 9:40:25 AM","0:00:28","Google Chrome"
"R-bloggers | R news & tutorials from the web - Google Chrome","7/10/2013 9:40:25 AM","7/10/2013 9:40:37 AM","0:00:12","Google Chrome"
"Engadget - Google Chrome","7/10/2013 9:40:37 AM","7/10/2013 9:41:56 AM","0:01:19","Google Chrome"
"BitTorrent Sync 1.1.27","7/10/2013 9:41:56 AM","7/10/2013 9:42:10 AM","0:00:14","BitTorrent Sync"
"Engadget - Google Chrome","7/10/2013 9:42:10 AM","7/10/2013 9:42:46 AM","0:00:36","Google Chrome"
"Engadget - Google Chrome","7/10/2013 9:42:46 AM","7/10/2013 9:44:58 AM","0:02:12","Google Chrome"
"Engadget - Google Chrome","7/10/2013 9:44:58 AM","7/10/2013 9:45:54 AM","0:00:56","Google Chrome"
"Engadget - Google Chrome","7/10/2013 9:45:54 AM","7/10/2013 9:46:04 AM","0:00:10","Google Chrome"
"Tetrode Information - Google Chrome","7/10/2013 9:46:04 AM","7/10/2013 9:46:16 AM","0:00:12","Google Chrome"
"Engadget - Google Chrome","7/10/2013 9:46:16 AM","7/10/2013 9:46:47 AM","0:00:31","Google Chrome"
"Ars Technica - Google Chrome","7/10/2013 9:46:47 AM","7/10/2013 9:47:05 AM","0:00:18","Google Chrome"
"Apple conspired to raise e-book prices, judge rules | Ars Technica - Google Chrome","7/10/2013 9:47:05 AM","7/10/2013 9:48:40 AM","0:01:35","Google Chrome"
"DNA analysis suggests Lake Vostok harbors animal life | Ars Technica - Google Chrome","7/10/2013 9:48:40 AM","7/10/2013 9:48:56 AM","0:00:16","Google Chrome"
"Tetrode Information - Google Chrome","7/10/2013 9:48:56 AM","7/10/2013 9:50:12 AM","0:01:16","Google Chrome"
"Support - ManicTime - Google Chrome","7/10/2013 9:50:12 AM","7/10/2013 9:50:20 AM","0:00:08","Google Chrome"
"Jennifer Stratford - My Outlook Data File(1) - Outlook","7/10/2013 9:50:20 AM","7/10/2013 9:50:41 AM","0:00:21","Microsoft Outlook"
"Inbox - JOHN.A.THOMPSON@UCDENVER.EDU - Outlook","7/10/2013 9:50:41 AM","7/10/2013 9:50:46 AM","0:00:05","Microsoft Outlook"
"DNA analysis suggests Lake Vostok harbors animal life | Ars Technica - Google Chrome","7/10/2013 9:50:46 AM","7/10/2013 9:51:04 AM","0:00:18","Google Chrome"
"Photoshop CC: modest upgrades shackled to terrible “rental” model | Ars Technica - Google Chrome","7/10/2013 9:51:04 AM","7/10/2013 9:53:57 AM","0:02:53","Google Chrome"
"New tab - Google Chrome","7/10/2013 9:53:57 AM","7/10/2013 9:54:02 AM","0:00:05","Google Chrome"
"Services - Google Chrome","7/10/2013 9:54:02 AM","7/10/2013 9:55:09 AM","0:01:07","Google Chrome"
"Untitled - Message (HTML) ","7/10/2013 9:55:09 AM","7/10/2013 9:55:21 AM","0:00:12","Microsoft Outlook"
"Services - Google Chrome","7/10/2013 9:55:21 AM","7/10/2013 9:55:26 AM","0:00:05","Google Chrome"
"purchase order virus - Message (HTML) ","7/10/2013 9:55:26 AM","7/10/2013 9:55:45 AM","0:00:19","Microsoft Outlook"
"Services - Google Chrome","7/10/2013 9:55:45 AM","7/10/2013 9:55:51 AM","0:00:06","Google Chrome"
"purchase order virus - Message (HTML) ","7/10/2013 9:55:51 AM","7/10/2013 9:56:17 AM","0:00:26","Microsoft Outlook"
"Photoshop CC: modest upgrades shackled to terrible “rental” model | Ars Technica - Google Chrome","7/10/2013 9:56:17 AM","7/10/2013 9:56:41 AM","0:00:24","Google Chrome"
"Photoshop CC: modest upgrades shackled to terrible “rental” model | Ars Technica - Google Chrome","7/10/2013 9:56:41 AM","7/10/2013 9:57:23 AM","0:00:42","Google Chrome"
"Sent Items - JOHN.A.THOMPSON@UCDENVER.EDU - Outlook","7/10/2013 9:57:23 AM","7/10/2013 9:57:33 AM","0:00:10","Microsoft Outlook"
"Photoshop CC: modest upgrades shackled to terrible “rental” model | Ars Technica - Google Chrome","7/10/2013 9:57:33 AM","7/10/2013 9:59:50 AM","0:02:17","Google Chrome"
"Photoshop CC: modest upgrades shackled to terrible “rental” model | Ars Technica - Google Chrome","7/10/2013 9:59:50 AM","7/10/2013 10:01:06 AM","0:01:16","Google Chrome"
"Photoshop CC: modest upgrades shackled to terrible “rental” model | Ars Technica - Google Chrome","7/10/2013 10:01:06 AM","7/10/2013 10:03:48 AM","0:02:42","Google Chrome"
"Abridged summary of ggplot2@googlegroups.com - 2 Messages in 1 Topic - john.arthur.thompson@gmail.com - Gmail - Google Chrome","7/10/2013 10:03:48 AM","7/10/2013 10:03:53 AM","0:00:05","Google Chrome"
"Photoshop CC: modest upgrades shackled to terrible “rental” model | Ars Technica - Google Chrome","7/10/2013 10:03:53 AM","7/10/2013 10:09:11 AM","0:05:18","Google Chrome"
"Petition | Adobe Systems Incorporated: Eliminate the mandatory ""creative cloud"" subscription model. | Change.org - Google Chrome","7/10/2013 10:09:11 AM","7/10/2013 10:09:54 AM","0:00:43","Google Chrome"
"Photoshop CC: modest upgrades shackled to terrible “rental” model | Ars Technica - Google Chrome","7/10/2013 10:09:54 AM","7/10/2013 10:10:02 AM","0:00:08","Google Chrome"
"CGTalk - View Single Post - Adobe Production Apps Alternatives - Google Chrome","7/10/2013 10:10:02 AM","7/10/2013 10:10:57 AM","0:00:55","Google Chrome"
"Inbox - john.arthur.thompson@gmail.com - Gmail - Google Chrome","7/10/2013 10:10:57 AM","7/10/2013 10:11:37 AM","0:00:40","Google Chrome"
"Download URL content to MATLAB string - MATLAB urlread - Google Chrome","7/10/2013 10:11:37 AM","7/10/2013 10:11:42 AM","0:00:05","Google Chrome"
"Support - ManicTime - Google Chrome","7/10/2013 10:11:42 AM","7/10/2013 10:11:55 AM","0:00:13","Google Chrome"
"Photoshop CC: modest upgrades shackled to terrible “rental” model | Ars Technica - Google Chrome","7/10/2013 10:11:55 AM","7/10/2013 10:12:12 AM","0:00:17","Google Chrome"
"Same wrapper, all-new candy center: The 2013 MacBook Air reviewed | Ars Technica - Google Chrome","7/10/2013 10:12:12 AM","7/10/2013 10:12:26 AM","0:00:14","Google Chrome"
"neuropil (John) - Google Chrome","7/10/2013 10:12:26 AM","7/10/2013 10:12:33 AM","0:00:07","Google Chrome"
"BethStubblefield - My Outlook Data File(1) - Outlook","7/10/2013 10:12:33 AM","7/10/2013 10:12:50 AM","0:00:17","Microsoft Outlook"
"unc virus core - Google Search - Google Chrome","7/10/2013 10:12:50 AM","7/10/2013 10:12:56 AM","0:00:06","Google Chrome"
"Services - Google Chrome","7/10/2013 10:12:56 AM","7/10/2013 10:13:40 AM","0:00:44","Google Chrome"
"Inbox - JOHN.A.THOMPSON@UCDENVER.EDU - Outlook","7/10/2013 10:13:40 AM","7/10/2013 10:14:36 AM","0:00:56","Microsoft Outlook"
"Services - Google Chrome","7/10/2013 10:14:36 AM","7/10/2013 10:15:35 AM","0:00:59","Google Chrome"
"Inbox - JOHN.A.THOMPSON@UCDENVER.EDU - Outlook","7/10/2013 10:15:35 AM","7/10/2013 10:15:43 AM","0:00:08","Microsoft Outlook"
"ManicTime - TRIAL","7/10/2013 10:15:43 AM","7/10/2013 10:15:48 AM","0:00:05","ManicTime"
"Microsoft® Windows® Operating System","7/10/2013 10:15:48 AM","7/10/2013 10:15:54 AM","0:00:06","Microsoft® Windows® Operating System"
"Dropbox","7/10/2013 10:15:54 AM","7/10/2013 10:15:59 AM","0:00:05","Microsoft® Windows® Operating System"
"ThompsonFelsen_K99_Draft_Aims - Word","7/10/2013 10:15:59 AM","7/10/2013 10:17:40 AM","0:01:41","Microsoft Office 2013"
"Felsen_R01_Aims - Word","7/10/2013 10:17:40 AM","7/10/2013 10:17:48 AM","0:00:08","Microsoft Office 2013"
"neuropil (John) - Google Chrome","7/10/2013 11:01:11 AM","7/10/2013 11:01:16 AM","0:00:05","Google Chrome"
"Tetrode Information - Google Chrome","7/10/2013 11:01:16 AM","7/10/2013 11:01:26 AM","0:00:10","Google Chrome"
"Tetrode Information - Google Chrome","7/10/2013 11:01:26 AM","7/10/2013 11:02:33 AM","0:01:07","Google Chrome"
"J. Neurosci. Table of Contents for 10 July 2013; Vol. 33, No. 28 - john.arthur.thompson@gmail.com - Gmail - Google Chrome","7/10/2013 11:02:33 AM","7/10/2013 11:04:12 AM","0:01:39","Google Chrome"
"Direct-Pathway Striatal Neurons Regulate the Retention of Decision-Making Strategies - Google Chrome","7/10/2013 11:04:12 AM","7/10/2013 11:04:23 AM","0:00:11","Google Chrome"
"Direct-Pathway Striatal Neurons Regulate the Retention of Decision-Making Strategies - Google Chrome","7/10/2013 11:04:23 AM","7/10/2013 11:05:34 AM","0:01:11","Google Chrome"
"F1.large.jpg (1280×977) - Google Chrome","7/10/2013 11:05:34 AM","7/10/2013 11:06:03 AM","0:00:29","Google Chrome"
"Direct-Pathway Striatal Neurons Regulate the Retention of Decision-Making Strategies - Google Chrome","7/10/2013 11:06:03 AM","7/10/2013 11:06:08 AM","0:00:05","Google Chrome"
"Direct-Pathway Striatal Neurons Regulate the Retention of Decision-Making Strategies - Google Chrome","7/10/2013 11:06:08 AM","7/10/2013 11:09:19 AM","0:03:11","Google Chrome"
"New tab - Google Chrome","7/10/2013 11:09:19 AM","7/10/2013 11:09:24 AM","0:00:05","Google Chrome"
"lightlabs - Google Search - Google Chrome","7/10/2013 11:09:24 AM","7/10/2013 11:09:31 AM","0:00:07","Google Chrome"
"Light Labs - Microcentrifuge Tubes, PCR, TPP Tissue Culture, etc. - Google Chrome","7/10/2013 11:09:31 AM","7/10/2013 11:11:03 AM","0:01:32","Google Chrome"
"OlfactoryMotorGrant","7/10/2013 11:11:03 AM","7/10/2013 11:14:42 AM","0:03:39","Microsoft® Windows® Operating System"
"Inbox - JOHN.A.THOMPSON@UCDENVER.EDU - Outlook","7/10/2013 11:14:42 AM","7/10/2013 11:15:16 AM","0:00:34","Microsoft Outlook"
"Microsoft® Windows® Operating System","7/10/2013 11:15:16 AM","7/10/2013 11:22:22 AM","0:07:06","Microsoft® Windows® Operating System"
"OlfactoryMotorGrant","7/10/2013 11:22:22 AM","7/10/2013 11:22:40 AM","0:00:18","Microsoft® Windows® Operating System"
"Program Manager","7/10/2013 11:22:40 AM","7/10/2013 11:22:58 AM","0:00:18","Microsoft® Windows® Operating System"
"ManicTime - TRIAL","7/10/2013 11:22:58 AM","7/10/2013 11:23:11 AM","0:00:13","ManicTime"
"Lead_2","7/10/2013 11:23:11 AM","7/10/2013 11:23:35 AM","0:00:24","MATLAB"
"J. Neurosci. Table of Contents for 10 July 2013; Vol. 33, No. 28 - john.arthur.thompson@gmail.com - Gmail - Google Chrome","7/10/2013 11:23:35 AM","7/10/2013 11:23:40 AM","0:00:05","Google Chrome"
"Worried Sick - john.arthur.thompson@gmail.com - Gmail - Google Chrome","7/10/2013 11:23:40 AM","7/10/2013 11:31:17 AM","0:07:37","Google Chrome"
"Inbox - JOHN.A.THOMPSON@UCDENVER.EDU - Outlook","7/10/2013 12:27:01 PM","7/10/2013 12:28:37 PM","0:01:36","Microsoft Outlook"
"Microsoft Outlook","7/10/2013 12:28:37 PM","7/10/2013 12:28:46 PM","0:00:09","Microsoft Outlook"
"Inbox - JOHN.A.THOMPSON@UCDENVER.EDU - Outlook","7/10/2013 12:28:46 PM","7/10/2013 12:28:51 PM","0:00:05","Microsoft Outlook"
"Inbox (1) - john.arthur.thompson@gmail.com - Gmail - Google Chrome","7/10/2013 12:28:51 PM","7/10/2013 12:28:57 PM","0:00:06","Google Chrome"
"New tab - Google Chrome","7/10/2013 12:28:57 PM","7/10/2013 12:29:12 PM","0:00:15","Google Chrome"
"Sensoria Smart Sock Fitness Tracker | Indiegogo - Google Chrome","7/10/2013 12:29:12 PM","7/10/2013 12:29:30 PM","0:00:18","Google Chrome"
"Volume Mixer","7/10/2013 12:29:30 PM","7/10/2013 12:29:35 PM","0:00:05","Volume Mixer"
"Sensoria Smart Sock Fitness Tracker | Indiegogo - Google Chrome","7/10/2013 12:29:35 PM","7/10/2013 12:30:26 PM","0:00:51","Google Chrome"
"Untitled - Message (HTML) ","7/10/2013 12:30:26 PM","7/10/2013 12:30:40 PM","0:00:14","Microsoft Outlook"
"indiegogo - Message (HTML) ","7/10/2013 12:30:40 PM","7/10/2013 12:31:07 PM","0:00:27","Microsoft Outlook"
"Sensoria Smart Sock Fitness Tracker | Indiegogo - Google Chrome","7/10/2013 12:31:07 PM","7/10/2013 12:33:20 PM","0:02:13","Google Chrome"
"Sensoria Smart Sock Fitness Tracker | Indiegogo - Google Chrome","7/10/2013 12:33:20 PM","7/10/2013 12:34:41 PM","0:01:21","Google Chrome"
"Inbox - john.arthur.thompson@gmail.com - Gmail - Google Chrome","7/10/2013 12:34:41 PM","7/10/2013 12:34:46 PM","0:00:05","Google Chrome"
"Inbox - JOHN.A.THOMPSON@UCDENVER.EDU - Outlook","7/10/2013 12:34:46 PM","7/10/2013 12:34:56 PM","0:00:10","Microsoft Outlook"
"ManicTime - TRIAL","7/10/2013 12:34:56 PM","7/10/2013 12:35:09 PM","0:00:13","ManicTime"
"ThompsonFelsen_K99_Draft_Aims - Word","7/10/2013 12:35:09 PM","7/10/2013 12:35:54 PM","0:00:45","Microsoft Office 2013"
"MATLAB R2013a","7/10/2013 12:35:54 PM","7/10/2013 12:36:10 PM","0:00:16","MATLAB"
"Lead_1","7/10/2013 12:36:10 PM","7/10/2013 12:37:09 PM","0:00:59","MATLAB"
"MATLAB R2013a","7/10/2013 12:37:09 PM","7/10/2013 12:37:14 PM","0:00:05","MATLAB"
"R-bloggers | R news & tutorials from the web - Google Chrome","7/10/2013 12:37:14 PM","7/10/2013 12:37:23 PM","0:00:09","Google Chrome"
"New tab - Google Chrome","7/10/2013 12:37:23 PM","7/10/2013 12:37:29 PM","0:00:06","Google Chrome"
"FlowingData | Data Visualization, Infographics, and Statistics - Google Chrome","7/10/2013 12:37:29 PM","7/10/2013 12:38:01 PM","0:00:32","Google Chrome"
"Data visualization: ambiguity as a fellow traveler : Nature Methods : Nature Publishing Group - Google Chrome","7/10/2013 12:38:01 PM","7/10/2013 12:40:16 PM","0:02:15","Google Chrome"
"FlowingData | Data Visualization, Infographics, and Statistics - Google Chrome","7/10/2013 12:40:16 PM","7/10/2013 12:40:21 PM","0:00:05","Google Chrome"
"New tab - Google Chrome","7/10/2013 12:40:21 PM","7/10/2013 12:40:36 PM","0:00:15","Google Chrome"
"Tutorial: Building 'Shiny' Applications with R - Google Chrome","7/10/2013 12:40:36 PM","7/10/2013 12:40:43 PM","0:00:07","Google Chrome"
"Tutorial: Building 'Shiny' Applications with R - Google Chrome","7/10/2013 12:40:43 PM","7/10/2013 12:40:53 PM","0:00:10","Google Chrome"
"Tutorial: Building 'Shiny' Applications with R - Google Chrome","7/10/2013 12:40:53 PM","7/10/2013 12:40:58 PM","0:00:05","Google Chrome"
"Tutorial: Building 'Shiny' Applications with R - Google Chrome","7/10/2013 12:40:58 PM","7/10/2013 12:41:03 PM","0:00:05","Google Chrome"
"Tutorial: Building 'Shiny' Applications with R - Google Chrome","7/10/2013 12:41:03 PM","7/10/2013 12:41:09 PM","0:00:06","Google Chrome"
"Tutorial: Building 'Shiny' Applications with R - Google Chrome","7/10/2013 12:41:09 PM","7/10/2013 12:41:14 PM","0:00:05","Google Chrome"
"Tutorial: Building 'Shiny' Applications with R - Google Chrome","7/10/2013 12:41:14 PM","7/10/2013 12:41:19 PM","0:00:05","Google Chrome"
"Tutorial: Building 'Shiny' Applications with R - Google Chrome","7/10/2013 12:41:19 PM","7/10/2013 12:41:24 PM","0:00:05","Google Chrome"
"Tutorial: Building 'Shiny' Applications with R - Google Chrome","7/10/2013 12:41:24 PM","7/10/2013 12:41:29 PM","0:00:05","Google Chrome"
"Tutorial: Building 'Shiny' Applications with R - Google Chrome","7/10/2013 12:41:29 PM","7/10/2013 12:41:39 PM","0:00:10","Google Chrome"
"Tutorial: Building 'Shiny' Applications with R - Google Chrome","7/10/2013 12:41:39 PM","7/10/2013 12:41:44 PM","0:00:05","Google Chrome"
"Tutorial: Building 'Shiny' Applications with R - Google Chrome","7/10/2013 12:41:44 PM","7/10/2013 12:42:09 PM","0:00:25","Google Chrome"
"Tutorial: Building 'Shiny' Applications with R - Google Chrome","7/10/2013 12:42:09 PM","7/10/2013 12:42:14 PM","0:00:05","Google Chrome"
"Tutorial: Building 'Shiny' Applications with R - Google Chrome","7/10/2013 12:42:14 PM","7/10/2013 12:42:19 PM","0:00:05","Google Chrome"
"Tutorial: Building 'Shiny' Applications with R - Google Chrome","7/10/2013 12:42:19 PM","7/10/2013 12:42:30 PM","0:00:11","Google Chrome"
"Tutorial: Building 'Shiny' Applications with R - Google Chrome","7/10/2013 12:42:30 PM","7/10/2013 12:42:37 PM","0:00:07","Google Chrome"
"Tetrode Information - Google Chrome","7/10/2013 12:42:37 PM","7/10/2013 12:42:43 PM","0:00:06","Google Chrome"
"Inbox - john.arthur.thompson@gmail.com - Gmail - Google Chrome","7/10/2013 12:42:43 PM","7/10/2013 12:42:48 PM","0:00:05","Google Chrome"
"Google Calendar - Google Chrome","7/10/2013 12:42:48 PM","7/10/2013 12:43:05 PM","0:00:17","Google Chrome"
"Inbox - john.arthur.thompson@gmail.com - Gmail - Google Chrome","7/10/2013 12:43:05 PM","7/10/2013 12:43:15 PM","0:00:10","Google Chrome"
"Inbox - john.arthur.thompson@gmail.com - Gmail - Google Chrome","7/10/2013 12:43:15 PM","7/10/2013 12:43:20 PM","0:00:05","Google Chrome"
"Inbox - john.arthur.thompson@gmail.com - Gmail - Google Chrome","7/10/2013 12:43:20 PM","7/10/2013 12:43:25 PM","0:00:05","Google Chrome"
"Inbox - john.arthur.thompson@gmail.com - Gmail - Google Chrome","7/10/2013 12:43:25 PM","7/10/2013 12:47:33 PM","0:04:08","Google Chrome"
"New tab - Google Chrome","7/10/2013 12:47:33 PM","7/10/2013 12:47:38 PM","0:00:05","Google Chrome"
"scrape gmail folders - Google Search - Google Chrome","7/10/2013 12:47:38 PM","7/10/2013 12:48:08 PM","0:00:30","Google Chrome"
"python scrape gmail folders - Google Search - Google Chrome","7/10/2013 12:48:08 PM","7/10/2013 12:48:17 PM","0:00:09","Google Chrome"
"python - Download subfolder from Gmail - Stack Overflow - Google Chrome","7/10/2013 12:48:17 PM","7/10/2013 12:49:29 PM","0:01:12","Google Chrome"
"New tab - Google Chrome","7/10/2013 12:49:29 PM","7/10/2013 12:49:39 PM","0:00:10","Google Chrome"
"explore gmail with python - Google Search - Google Chrome","7/10/2013 12:49:39 PM","7/10/2013 12:49:56 PM","0:00:17","Google Chrome"
"search gmail with python - Google Search - Google Chrome","7/10/2013 12:49:56 PM","7/10/2013 12:50:02 PM","0:00:06","Google Chrome"
"python - Search in Gmail using imaplib - Stack Overflow - Google Chrome","7/10/2013 12:50:02 PM","7/10/2013 12:50:25 PM","0:00:23","Google Chrome"
"New tab - Google Chrome","7/10/2013 12:50:25 PM","7/10/2013 12:50:30 PM","0:00:05","Google Chrome"
"search gmail with matlab - Google Search - Google Chrome","7/10/2013 12:50:30 PM","7/10/2013 12:50:36 PM","0:00:06","Google Chrome"
"gmail - File Exchange - MATLAB Central - Google Chrome","7/10/2013 12:50:36 PM","7/10/2013 12:50:42 PM","0:00:06","Google Chrome"
"search gmail with matlab - Google Search - Google Chrome","7/10/2013 12:50:42 PM","7/10/2013 12:50:54 PM","0:00:12","Google Chrome"
"search gmail emails with matlab - Google Search - Google Chrome","7/10/2013 12:50:54 PM","7/10/2013 12:51:04 PM","0:00:10","Google Chrome"
"Accessing your Gmail messages in MATLAB | #deadbeef - Google Chrome","7/10/2013 12:51:04 PM","7/10/2013 12:51:39 PM","0:00:35","Google Chrome"
"Sent Items - JOHN.A.THOMPSON@UCDENVER.EDU - Outlook","7/10/2013 12:51:39 PM","7/10/2013 12:51:46 PM","0:00:07","Microsoft Outlook"
"Accessing your Gmail messages in MATLAB | #deadbeef - Google Chrome","7/10/2013 12:51:46 PM","7/10/2013 12:52:43 PM","0:00:57","Google Chrome"
"search gmail emails with matlab - Google Search - Google Chrome","7/10/2013 12:52:43 PM","7/10/2013 12:52:59 PM","0:00:16","Google Chrome"
"search gmail emails with matlab - Google Search - Google Chrome","7/10/2013 12:52:59 PM","7/10/2013 12:53:32 PM","0:00:33","Google Chrome"
"api - Programatically searching GMail? - Stack Overflow - Google Chrome","7/10/2013 12:53:32 PM","7/10/2013 12:54:07 PM","0:00:35","Google Chrome"
"Gmail APIs — Google Developers - Google Chrome","7/10/2013 12:54:07 PM","7/10/2013 12:55:39 PM","0:01:32","Google Chrome"
"Gmail APIs — Google Developers - Google Chrome","7/10/2013 12:55:39 PM","7/10/2013 12:55:44 PM","0:00:05","Google Chrome"
"Schemas in Gmail — Google Developers - Google Chrome","7/10/2013 12:55:44 PM","7/10/2013 12:55:54 PM","0:00:10","Google Chrome"
"Google Developers - Google Chrome","7/10/2013 12:55:54 PM","7/10/2013 12:56:11 PM","0:00:17","Google Chrome"
"Inbox - john.arthur.thompson@gmail.com - Gmail - Google Chrome","7/10/2013 12:56:11 PM","7/10/2013 12:56:18 PM","0:00:07","Google Chrome"
"Inbox - john.arthur.thompson@gmail.com - Gmail - Google Chrome","7/10/2013 12:56:18 PM","7/10/2013 12:59:29 PM","0:03:11","Google Chrome"
"Inbox - john.arthur.thompson@gmail.com - Gmail - Google Chrome","7/10/2013 12:59:29 PM","7/10/2013 1:00:55 PM","0:01:26","Google Chrome"
"Inbox - JOHN.A.THOMPSON@UCDENVER.EDU - Outlook","7/10/2013 1:00:55 PM","7/10/2013 1:01:19 PM","0:00:24","Microsoft Outlook"
"Inbox - john.arthur.thompson@gmail.com - Gmail - Google Chrome","7/10/2013 1:01:19 PM","7/10/2013 1:02:08 PM","0:00:49","Google Chrome"
"Direct-Pathway Striatal Neurons Regulate the Retention of Decision-Making Strategies - Google Chrome","7/10/2013 1:02:08 PM","7/10/2013 1:02:19 PM","0:00:11","Google Chrome"
"Tetrode Information - Google Chrome","7/10/2013 1:02:19 PM","7/10/2013 1:03:44 PM","0:01:25","Google Chrome"
"python - Download subfolder from Gmail - Stack Overflow - Google Chrome","7/10/2013 1:03:44 PM","7/10/2013 1:03:50 PM","0:00:06","Google Chrome"
"Inbox - JOHN.A.THOMPSON@UCDENVER.EDU - Outlook","7/10/2013 1:03:50 PM","7/10/2013 1:03:56 PM","0:00:06","Microsoft Outlook"
"MATLAB R2013a","7/10/2013 1:03:56 PM","7/10/2013 1:04:14 PM","0:00:18","MATLAB"
"Engram (G:)","7/10/2013 1:04:14 PM","7/10/2013 1:04:23 PM","0:00:09","Microsoft® Windows® Operating System"
"Days of Recording","7/10/2013 1:04:23 PM","7/10/2013 1:04:30 PM","0:00:07","Microsoft® Windows® Operating System"
"Neurophysiology","7/10/2013 1:04:30 PM","7/10/2013 1:05:04 PM","0:00:34","Microsoft® Windows® Operating System"
"MATLAB R2013a","7/10/2013 1:05:04 PM","7/10/2013 1:05:28 PM","0:00:24","MATLAB"
"Neurophysiology","7/10/2013 1:05:28 PM","7/10/2013 1:05:35 PM","0:00:07","Microsoft® Windows® Operating System"
"Editor","7/10/2013 1:05:35 PM","7/10/2013 1:06:19 PM","0:00:44","MATLAB"
"Neurophysiology","7/10/2013 1:06:19 PM","7/10/2013 1:06:39 PM","0:00:20","Microsoft® Windows® Operating System"
"130204","7/10/2013 1:06:39 PM","7/10/2013 1:07:07 PM","0:00:28","Microsoft® Windows® Operating System"
"Editor","7/10/2013 1:07:07 PM","7/10/2013 1:08:03 PM","0:00:56","MATLAB"
"MATLAB R2013a","7/10/2013 1:08:03 PM","7/10/2013 1:08:23 PM","0:00:20","MATLAB"
"New tab - Google Chrome","7/10/2013 1:08:23 PM","7/10/2013 1:08:33 PM","0:00:10","Google Chrome"
"MATLAB R2013a","7/10/2013 1:08:33 PM","7/10/2013 1:08:38 PM","0:00:05","MATLAB"
"Computer","7/10/2013 1:08:38 PM","7/10/2013 1:08:43 PM","0:00:05","Microsoft® Windows® Operating System"
"BitMusic","7/10/2013 1:08:43 PM","7/10/2013 1:08:50 PM","0:00:07","Microsoft® Windows® Operating System"
"Machine Gun Kelly - Black Flag","7/10/2013 1:08:50 PM","7/10/2013 1:08:55 PM","0:00:05","Microsoft® Windows® Operating System"
"Volume Mixer","7/10/2013 1:08:55 PM","7/10/2013 1:09:02 PM","0:00:07","Volume Mixer"
"MATLAB Editor","7/10/2013 1:09:02 PM","7/10/2013 1:09:09 PM","0:00:07","MATLAB"
"MATLAB R2013a","7/10/2013 1:09:09 PM","7/10/2013 1:09:17 PM","0:00:08","MATLAB"
"Editor","7/10/2013 1:09:17 PM","7/10/2013 1:09:38 PM","0:00:21","MATLAB"
"MATLAB R2013a","7/10/2013 1:09:38 PM","7/10/2013 1:13:54 PM","0:04:16","MATLAB"
"Editor","7/10/2013 1:13:54 PM","7/10/2013 1:19:43 PM","0:05:49","MATLAB"
"MATLAB R2013a","7/10/2013 1:19:43 PM","7/10/2013 1:19:50 PM","0:00:07","MATLAB"
"Editor","7/10/2013 1:19:50 PM","7/10/2013 1:23:07 PM","0:03:17","MATLAB"
"MATLAB R2013a","7/10/2013 1:23:07 PM","7/10/2013 1:23:13 PM","0:00:06","MATLAB"
"Editor","7/10/2013 1:23:13 PM","7/10/2013 1:24:21 PM","0:01:08","MATLAB"
"MATLAB R2013a","7/10/2013 1:24:21 PM","7/10/2013 1:24:32 PM","0:00:11","MATLAB"
"Editor","7/10/2013 1:24:32 PM","7/10/2013 1:25:01 PM","0:00:29","MATLAB"
"New tab - Google Chrome","7/10/2013 1:25:01 PM","7/10/2013 1:25:08 PM","0:00:07","Google Chrome"
"Editor","7/10/2013 1:25:08 PM","7/10/2013 1:25:14 PM","0:00:06","MATLAB"
"New tab - Google Chrome","7/10/2013 1:25:14 PM","7/10/2013 1:25:21 PM","0:00:07","Google Chrome"
"Convert cell array to dataset array - MATLAB cell2dataset - Google Chrome","7/10/2013 1:25:21 PM","7/10/2013 1:25:49 PM","0:00:28","Google Chrome"
"Convert cell array to dataset array - MATLAB cell2dataset - Google Chrome","7/10/2013 1:25:49 PM","7/10/2013 1:26:37 PM","0:00:48","Google Chrome"
"Editor","7/10/2013 1:26:37 PM","7/10/2013 1:29:50 PM","0:03:13","MATLAB"
"Convert cell array to dataset array - MATLAB cell2dataset - Google Chrome","7/10/2013 1:29:50 PM","7/10/2013 1:30:04 PM","0:00:14","Google Chrome"
"Convert cell array to dataset array - MATLAB cell2dataset - Google Chrome","7/10/2013 1:30:04 PM","7/10/2013 1:30:31 PM","0:00:27","Google Chrome"
"Create a Dataset Array from Workspace Variables - MATLAB & Simulink - Google Chrome","7/10/2013 1:30:31 PM","7/10/2013 1:30:45 PM","0:00:14","Google Chrome"
"Microsoft® Windows® Operating System","7/10/2013 1:30:45 PM","7/10/2013 1:30:50 PM","0:00:05","Microsoft® Windows® Operating System"
"Editor","7/10/2013 1:30:50 PM","7/10/2013 1:31:32 PM","0:00:42","MATLAB"
"MATLAB R2013a","7/10/2013 1:31:32 PM","7/10/2013 1:32:06 PM","0:00:34","MATLAB"
"Editor","7/10/2013 1:32:06 PM","7/10/2013 1:33:38 PM","0:01:32","MATLAB"
"MATLAB R2013a","7/10/2013 1:33:38 PM","7/10/2013 1:33:43 PM","0:00:05","MATLAB"
"Editor","7/10/2013 1:33:43 PM","7/10/2013 1:37:25 PM","0:03:42","MATLAB"
"MATLAB R2013a","7/10/2013 1:37:25 PM","7/10/2013 1:37:30 PM","0:00:05","MATLAB"
"Editor","7/10/2013 1:37:30 PM","7/10/2013 1:39:38 PM","0:02:08","MATLAB"
"MATLAB R2013a","7/10/2013 1:39:38 PM","7/10/2013 1:39:45 PM","0:00:07","MATLAB"
"Editor","7/10/2013 1:39:45 PM","7/10/2013 1:39:52 PM","0:00:07","MATLAB"
"MATLAB R2013a","7/10/2013 1:39:52 PM","7/10/2013 1:40:17 PM","0:00:25","MATLAB"
"Editor","7/10/2013 1:40:17 PM","7/10/2013 1:43:13 PM","0:02:56","MATLAB"
"MATLAB R2013a","7/10/2013 1:43:13 PM","7/10/2013 1:43:21 PM","0:00:08","MATLAB"
"Editor","7/10/2013 1:43:21 PM","7/10/2013 1:46:08 PM","0:02:47","MATLAB"
"MATLAB R2013a","7/10/2013 1:46:08 PM","7/10/2013 1:46:13 PM","0:00:05","MATLAB"
"Editor","7/10/2013 1:46:13 PM","7/10/2013 1:47:29 PM","0:01:16","MATLAB"
"MATLAB R2013a","7/10/2013 1:47:29 PM","7/10/2013 1:47:37 PM","0:00:08","MATLAB"
"Editor","7/10/2013 1:47:37 PM","7/10/2013 1:48:51 PM","0:01:14","MATLAB"
"MATLAB R2013a","7/10/2013 1:48:51 PM","7/10/2013 1:48:56 PM","0:00:05","MATLAB"
"Editor","7/10/2013 1:48:56 PM","7/10/2013 1:49:52 PM","0:00:56","MATLAB"
"MATLAB R2013a","7/10/2013 1:49:52 PM","7/10/2013 1:50:01 PM","0:00:09","MATLAB"
"Editor","7/10/2013 1:50:01 PM","7/10/2013 1:50:10 PM","0:00:09","MATLAB"
"MATLAB R2013a","7/10/2013 1:50:10 PM","7/10/2013 1:50:56 PM","0:00:46","MATLAB"
"Editor","7/10/2013 1:50:56 PM","7/10/2013 1:51:09 PM","0:00:13","MATLAB"
"MATLAB R2013a","7/10/2013 1:51:09 PM","7/10/2013 1:51:24 PM","0:00:15","MATLAB"
"Editor","7/10/2013 1:51:24 PM","7/10/2013 1:51:32 PM","0:00:08","MATLAB"
"MATLAB R2013a","7/10/2013 1:51:32 PM","7/10/2013 1:51:44 PM","0:00:12","MATLAB"
"Editor","7/10/2013 1:51:44 PM","7/10/2013 1:53:35 PM","0:01:51","MATLAB"
"MATLAB R2013a","7/10/2013 1:53:35 PM","7/10/2013 1:53:43 PM","0:00:08","MATLAB"
"Editor","7/10/2013 1:53:43 PM","7/10/2013 1:56:31 PM","0:02:48","MATLAB"
"Create a Dataset Array from Workspace Variables - MATLAB & Simulink - Google Chrome","7/10/2013 1:56:31 PM","7/10/2013 1:56:36 PM","0:00:05","Google Chrome"
"New tab - Google Chrome","7/10/2013 1:56:36 PM","7/10/2013 1:56:41 PM","0:00:05","Google Chrome"
"matlab datasetfun - Google Search - Google Chrome","7/10/2013 1:56:41 PM","7/10/2013 1:56:46 PM","0:00:05","Google Chrome"
"Question about using datasetfun(@(x,y) - Newsreader - MATLAB Central - Google Chrome","7/10/2013 1:56:46 PM","7/10/2013 1:56:54 PM","0:00:08","Google Chrome"
"Apply function to dataset array variables - MATLAB - Google Chrome","7/10/2013 1:56:54 PM","7/10/2013 1:59:11 PM","0:02:17","Google Chrome"
"Editor","7/10/2013 1:59:11 PM","7/10/2013 1:59:46 PM","0:00:35","MATLAB"
"Apply function to dataset array variables - MATLAB - Google Chrome","7/10/2013 1:59:46 PM","7/10/2013 1:59:55 PM","0:00:09","Google Chrome"
"Editor","7/10/2013 1:59:55 PM","7/10/2013 2:00:43 PM","0:00:48","MATLAB"
"MATLAB R2013a","7/10/2013 2:00:43 PM","7/10/2013 2:00:56 PM","0:00:13","MATLAB"
"Editor","7/10/2013 2:00:56 PM","7/10/2013 2:01:42 PM","0:00:46","MATLAB"
"Apply function to dataset array variables - MATLAB - Google Chrome","7/10/2013 2:01:42 PM","7/10/2013 2:02:15 PM","0:00:33","Google Chrome"
"Editor","7/10/2013 2:02:15 PM","7/10/2013 2:02:25 PM","0:00:10","MATLAB"
"MATLAB R2013a","7/10/2013 2:02:25 PM","7/10/2013 2:02:43 PM","0:00:18","MATLAB"
"Editor","7/10/2013 2:02:43 PM","7/10/2013 2:03:39 PM","0:00:56","MATLAB"
"MATLAB R2013a","7/10/2013 2:03:39 PM","7/10/2013 2:03:47 PM","0:00:08","MATLAB"
"Editor","7/10/2013 2:03:47 PM","7/10/2013 2:04:26 PM","0:00:39","MATLAB"
"Apply function to dataset array variables - MATLAB - Google Chrome","7/10/2013 2:04:26 PM","7/10/2013 2:04:35 PM","0:00:09","Google Chrome"
"cellfun - MathWorks Documentation Search - Google Chrome","7/10/2013 2:04:35 PM","7/10/2013 2:04:53 PM","0:00:18","Google Chrome"
"Apply function to each cell in cell array - MATLAB cellfun - Google Chrome","7/10/2013 2:04:53 PM","7/10/2013 2:06:31 PM","0:01:38","Google Chrome"
"Editor","7/10/2013 2:06:31 PM","7/10/2013 2:09:05 PM","0:02:34","MATLAB"
"MATLAB R2013a","7/10/2013 2:09:05 PM","7/10/2013 2:09:12 PM","0:00:07","MATLAB"
"Editor","7/10/2013 2:09:12 PM","7/10/2013 2:11:05 PM","0:01:53","MATLAB"
"MATLAB R2013a","7/10/2013 2:11:05 PM","7/10/2013 2:11:26 PM","0:00:21","MATLAB"
"Editor","7/10/2013 2:11:26 PM","7/10/2013 2:13:18 PM","0:01:52","MATLAB"
"MATLAB Editor","7/10/2013 2:13:18 PM","7/10/2013 2:13:23 PM","0:00:05","MATLAB"
"MATLAB R2013a","7/10/2013 2:13:23 PM","7/10/2013 2:13:33 PM","0:00:10","MATLAB"
"Editor","7/10/2013 2:13:33 PM","7/10/2013 2:14:06 PM","0:00:33","MATLAB"
"MATLAB R2013a","7/10/2013 2:14:06 PM","7/10/2013 2:14:20 PM","0:00:14","MATLAB"
"Editor","7/10/2013 2:14:20 PM","7/10/2013 2:14:29 PM","0:00:09","MATLAB"
"MATLAB R2013a","7/10/2013 2:14:29 PM","7/10/2013 2:14:37 PM","0:00:08","MATLAB"
"Editor","7/10/2013 2:14:37 PM","7/10/2013 2:16:16 PM","0:01:39","MATLAB"
"Inbox - john.arthur.thompson@gmail.com - Gmail - Google Chrome","7/10/2013 2:16:16 PM","7/10/2013 2:16:31 PM","0:00:15","Google Chrome"
"Editor","7/10/2013 2:16:31 PM","7/10/2013 2:20:26 PM","0:03:55","MATLAB"
"MATLAB R2013a","7/10/2013 2:20:26 PM","7/10/2013 2:21:34 PM","0:01:08","MATLAB"
"Editor","7/10/2013 2:21:34 PM","7/10/2013 2:22:49 PM","0:01:15","MATLAB"
"MATLAB R2013a","7/10/2013 2:22:49 PM","7/10/2013 2:22:54 PM","0:00:05","MATLAB"
"Editor","7/10/2013 2:22:54 PM","7/10/2013 2:23:13 PM","0:00:19","MATLAB"
"MATLAB R2013a","7/10/2013 2:23:13 PM","7/10/2013 2:23:21 PM","0:00:08","MATLAB"
"Editor","7/10/2013 2:23:21 PM","7/10/2013 2:23:56 PM","0:00:35","MATLAB"
"Windows Media Player","7/10/2013 2:23:56 PM","7/10/2013 2:24:02 PM","0:00:06","Windows Media Player"
"Young Blood - Lynx - My Library - Google Play - Google Chrome","7/10/2013 2:24:02 PM","7/10/2013 2:24:31 PM","0:00:29","Google Chrome"
"Young Blood - Lynx - My Library - Google Play - Google Chrome","7/10/2013 2:24:31 PM","7/10/2013 2:24:36 PM","0:00:05","Google Chrome"
"Provision - August Burns Red - My Library - Google Play - Google Chrome","7/10/2013 2:24:36 PM","7/10/2013 2:24:41 PM","0:00:05","Google Chrome"
"Editor","7/10/2013 2:24:41 PM","7/10/2013 2:25:13 PM","0:00:32","MATLAB"
"MATLAB R2013a","7/10/2013 2:25:13 PM","7/10/2013 2:25:21 PM","0:00:08","MATLAB"
"Editor","7/10/2013 2:25:21 PM","7/10/2013 2:30:35 PM","0:05:14","MATLAB"
"MATLAB R2013a","7/10/2013 2:30:35 PM","7/10/2013 2:31:17 PM","0:00:42","MATLAB"
"Editor","7/10/2013 2:31:17 PM","7/10/2013 2:36:02 PM","0:04:45","MATLAB"
"MATLAB R2013a","7/10/2013 2:36:02 PM","7/10/2013 2:36:09 PM","0:00:07","MATLAB"
"Editor","7/10/2013 2:36:09 PM","7/10/2013 2:36:19 PM","0:00:10","MATLAB"
"MATLAB R2013a","7/10/2013 2:36:19 PM","7/10/2013 2:36:25 PM","0:00:06","MATLAB"
"Editor","7/10/2013 2:36:25 PM","7/10/2013 2:37:57 PM","0:01:32","MATLAB"
"MATLAB R2013a","7/10/2013 2:37:57 PM","7/10/2013 2:38:08 PM","0:00:11","MATLAB"
"Editor","7/10/2013 2:38:08 PM","7/10/2013 2:39:50 PM","0:01:42","MATLAB"
"MATLAB R2013a","7/10/2013 2:39:50 PM","7/10/2013 2:39:56 PM","0:00:06","MATLAB"
"Editor","7/10/2013 2:39:56 PM","7/10/2013 2:45:37 PM","0:05:41","MATLAB"
"MATLAB R2013a","7/10/2013 2:45:37 PM","7/10/2013 2:45:47 PM","0:00:10","MATLAB"
"Editor","7/10/2013 2:45:47 PM","7/10/2013 2:46:07 PM","0:00:20","MATLAB"
"MATLAB R2013a","7/10/2013 2:46:07 PM","7/10/2013 2:46:14 PM","0:00:07","MATLAB"
"Editor","7/10/2013 2:46:14 PM","7/10/2013 2:52:48 PM","0:06:34","MATLAB"
"MATLAB R2013a","7/10/2013 2:52:48 PM","7/10/2013 2:53:14 PM","0:00:26","MATLAB"
"Editor","7/10/2013 2:53:14 PM","7/10/2013 2:53:51 PM","0:00:37","MATLAB"
"MATLAB R2013a","7/10/2013 2:53:51 PM","7/10/2013 2:54:19 PM","0:00:28","MATLAB"
"Editor","7/10/2013 2:54:19 PM","7/10/2013 2:56:58 PM","0:02:39","MATLAB"
"Select File for Save As","7/10/2013 2:56:58 PM","7/10/2013 2:57:03 PM","0:00:05","MATLAB"
"Editor","7/10/2013 2:57:03 PM","7/10/2013 2:57:38 PM","0:00:35","MATLAB"
"Beauty in Tragedy - August Burns Red - My Library - Google Play - Google Chrome","7/10/2013 2:57:38 PM","7/10/2013 2:57:43 PM","0:00:05","Google Chrome"
"The Lost Child - David J Roch - My Library - Google Play - Google Chrome","7/10/2013 2:57:43 PM","7/10/2013 2:57:48 PM","0:00:05","Google Chrome"
"Editor","7/10/2013 2:57:48 PM","7/10/2013 2:58:32 PM","0:00:44","MATLAB"
"MATLAB R2013a","7/10/2013 2:58:32 PM","7/10/2013 2:58:45 PM","0:00:13","MATLAB"
"Editor","7/10/2013 2:58:45 PM","7/10/2013 3:00:46 PM","0:02:01","MATLAB"
"MATLAB R2013a","7/10/2013 3:00:46 PM","7/10/2013 3:03:56 PM","0:03:10","MATLAB"
"Editor","7/10/2013 3:03:56 PM","7/10/2013 3:06:13 PM","0:02:17","MATLAB"
"MATLAB R2013a","7/10/2013 3:06:13 PM","7/10/2013 3:06:29 PM","0:00:16","MATLAB"
"Editor","7/10/2013 3:06:29 PM","7/10/2013 3:06:48 PM","0:00:19","MATLAB"
"MATLAB R2013a","7/10/2013 3:06:48 PM","7/10/2013 3:06:53 PM","0:00:05","MATLAB"
"Editor","7/10/2013 3:06:53 PM","7/10/2013 3:07:47 PM","0:00:54","MATLAB"
"MATLAB R2013a","7/10/2013 3:07:47 PM","7/10/2013 3:07:58 PM","0:00:11","MATLAB"
"Editor","7/10/2013 3:07:58 PM","7/10/2013 3:09:24 PM","0:01:26","MATLAB"
"MATLAB R2013a","7/10/2013 3:09:24 PM","7/10/2013 3:10:00 PM","0:00:36","MATLAB"
"Editor","7/10/2013 3:10:00 PM","7/10/2013 3:10:31 PM","0:00:31","MATLAB"
"MATLAB R2013a","7/10/2013 3:10:31 PM","7/10/2013 3:10:42 PM","0:00:11","MATLAB"
"Editor","7/10/2013 3:10:42 PM","7/10/2013 3:10:51 PM","0:00:09","MATLAB"
"MATLAB R2013a","7/10/2013 3:10:51 PM","7/10/2013 3:11:00 PM","0:00:09","MATLAB"
"Editor","7/10/2013 3:11:00 PM","7/10/2013 3:16:57 PM","0:05:57","MATLAB"
"MATLAB R2013a","7/10/2013 3:16:57 PM","7/10/2013 3:17:15 PM","0:00:18","MATLAB"
"Editor","7/10/2013 3:17:15 PM","7/10/2013 3:17:49 PM","0:00:34","MATLAB"
"MATLAB R2013a","7/10/2013 3:17:49 PM","7/10/2013 3:18:02 PM","0:00:13","MATLAB"
"Editor","7/10/2013 3:18:02 PM","7/10/2013 3:19:11 PM","0:01:09","MATLAB"
"Hour Of Need - David J Roch - My Library - Google Play - Google Chrome","7/10/2013 3:19:11 PM","7/10/2013 3:19:38 PM","0:00:27","Google Chrome"
"Volume Mixer","7/10/2013 3:19:38 PM","7/10/2013 3:19:45 PM","0:00:07","Volume Mixer"
"Editor","7/10/2013 3:19:45 PM","7/10/2013 3:19:52 PM","0:00:07","MATLAB"
"MATLAB R2013a","7/10/2013 3:19:52 PM","7/10/2013 3:19:58 PM","0:00:06","MATLAB"
"Editor","7/10/2013 3:19:58 PM","7/10/2013 3:20:27 PM","0:00:29","MATLAB"
"MATLAB R2013a","7/10/2013 3:20:27 PM","7/10/2013 3:20:35 PM","0:00:08","MATLAB"
"Editor","7/10/2013 3:34:14 PM","7/10/2013 3:39:12 PM","0:04:58","MATLAB"
"Microsoft Outlook","7/10/2013 3:39:12 PM","7/10/2013 3:39:21 PM","0:00:09","Microsoft Outlook"
"Inbox - JOHN.A.THOMPSON@UCDENVER.EDU - Outlook","7/10/2013 3:39:21 PM","7/10/2013 3:41:35 PM","0:02:14","Microsoft Outlook"
"Editor","7/10/2013 3:41:35 PM","7/10/2013 3:47:28 PM","0:05:53","MATLAB"
"ManicTime - TRIAL","7/10/2013 3:47:28 PM","7/10/2013 3:47:41 PM","0:00:13","ManicTime"
"Editor","7/10/2013 3:47:41 PM","7/10/2013 3:48:57 PM","0:01:16","MATLAB"
"MATLAB R2013a","7/10/2013 3:48:57 PM","7/10/2013 3:51:47 PM","0:02:50","MATLAB"
"Editor","7/10/2013 3:51:47 PM","7/10/2013 3:52:06 PM","0:00:19","MATLAB"
"MATLAB R2013a","7/10/2013 3:52:06 PM","7/10/2013 3:52:38 PM","0:00:32","MATLAB"
"Editor","7/10/2013 3:52:38 PM","7/10/2013 3:55:57 PM","0:03:19","MATLAB"
"MATLAB R2013a","7/10/2013 3:55:57 PM","7/10/2013 3:56:30 PM","0:00:33","MATLAB"
"Editor","7/10/2013 3:56:30 PM","7/10/2013 4:03:02 PM","0:06:32","MATLAB"
"MATLAB R2013a","7/10/2013 4:03:02 PM","7/10/2013 4:03:11 PM","0:00:09","MATLAB"
"Editor","7/10/2013 4:03:11 PM","7/10/2013 4:03:52 PM","0:00:41","MATLAB"
"Inbox (1) - john.arthur.thompson@gmail.com - Gmail - Google Chrome","7/10/2013 4:03:52 PM","7/10/2013 4:04:03 PM","0:00:11","Google Chrome"
"Editor","7/10/2013 4:04:03 PM","7/10/2013 4:04:47 PM","0:00:44","MATLAB"
"MATLAB R2013a","7/10/2013 4:04:47 PM","7/10/2013 4:04:58 PM","0:00:11","MATLAB"
"Editor","7/10/2013 4:04:58 PM","7/10/2013 4:06:25 PM","0:01:27","MATLAB"
"MATLAB R2013a","7/10/2013 4:06:25 PM","7/10/2013 4:06:40 PM","0:00:15","MATLAB"
"Editor","7/10/2013 4:06:40 PM","7/10/2013 4:07:07 PM","0:00:27","MATLAB"
"MATLAB R2013a","7/10/2013 4:07:07 PM","7/10/2013 4:07:18 PM","0:00:11","MATLAB"
"Editor","7/10/2013 4:07:18 PM","7/10/2013 4:07:52 PM","0:00:34","MATLAB"
"MATLAB R2013a","7/10/2013 4:07:52 PM","7/10/2013 4:08:16 PM","0:00:24","MATLAB"
"Editor","7/10/2013 4:08:16 PM","7/10/2013 4:12:13 PM","0:03:57","MATLAB"
"MATLAB R2013a","7/10/2013 4:12:13 PM","7/10/2013 4:12:23 PM","0:00:10","MATLAB"
"Editor","7/10/2013 4:12:23 PM","7/10/2013 4:14:00 PM","0:01:37","MATLAB"
"MATLAB R2013a","7/10/2013 4:14:00 PM","7/10/2013 4:14:13 PM","0:00:13","MATLAB"
"Editor","7/10/2013 4:14:13 PM","7/10/2013 4:14:23 PM","0:00:10","MATLAB"
"MATLAB R2013a","7/10/2013 4:14:23 PM","7/10/2013 4:14:32 PM","0:00:09","MATLAB"
"Editor","7/10/2013 4:14:32 PM","7/10/2013 4:15:48 PM","0:01:16","MATLAB"
"MATLAB R2013a","7/10/2013 4:15:48 PM","7/10/2013 4:15:54 PM","0:00:06","MATLAB"
"Editor","7/10/2013 4:15:54 PM","7/10/2013 4:16:22 PM","0:00:28","MATLAB"
"MATLAB R2013a","7/10/2013 4:16:22 PM","7/10/2013 4:16:33 PM","0:00:11","MATLAB"
"Editor","7/10/2013 4:16:33 PM","7/10/2013 4:21:56 PM","0:05:23","MATLAB"
"MATLAB R2013a","7/10/2013 4:21:56 PM","7/10/2013 4:22:02 PM","0:00:06","MATLAB"
"Editor","7/10/2013 4:22:02 PM","7/10/2013 4:22:19 PM","0:00:17","MATLAB"
"MATLAB R2013a","7/10/2013 4:22:19 PM","7/10/2013 4:22:36 PM","0:00:17","MATLAB"
"Editor","7/10/2013 4:22:36 PM","7/10/2013 4:23:25 PM","0:00:49","MATLAB"
"MATLAB R2013a","7/10/2013 4:23:25 PM","7/10/2013 4:23:51 PM","0:00:26","MATLAB"
"Editor","7/10/2013 4:23:51 PM","7/10/2013 4:28:24 PM","0:04:33","MATLAB"
"MATLAB R2013a","7/10/2013 4:28:24 PM","7/10/2013 4:28:34 PM","0:00:10","MATLAB"
"Editor","7/10/2013 4:28:34 PM","7/10/2013 4:28:46 PM","0:00:12","MATLAB"
"MATLAB R2013a","7/10/2013 4:28:46 PM","7/10/2013 4:29:24 PM","0:00:38","MATLAB"
"Editor","7/10/2013 4:29:24 PM","7/10/2013 4:29:41 PM","0:00:17","MATLAB"
"Computer","7/10/2013 4:29:41 PM","7/10/2013 4:29:47 PM","0:00:06","Microsoft® Windows® Operating System"
"Days of Recording","7/10/2013 4:29:47 PM","7/10/2013 4:29:54 PM","0:00:07","Microsoft® Windows® Operating System"
"Microsoft® Windows® Operating System","7/10/2013 4:29:54 PM","7/10/2013 4:29:59 PM","0:00:05","Microsoft® Windows® Operating System"
"Editor","7/10/2013 4:29:59 PM","7/10/2013 4:31:18 PM","0:01:19","MATLAB"
"MATLAB R2013a","7/10/2013 4:31:18 PM","7/10/2013 4:31:25 PM","0:00:07","MATLAB"
"Editor","7/10/2013 4:31:25 PM","7/10/2013 4:31:43 PM","0:00:18","MATLAB"
"MATLAB R2013a","7/10/2013 4:31:43 PM","7/10/2013 4:31:48 PM","0:00:05","MATLAB"
"Editor","7/10/2013 4:31:48 PM","7/10/2013 4:32:01 PM","0:00:13","MATLAB"
"MATLAB R2013a","7/10/2013 4:32:01 PM","7/10/2013 4:32:11 PM","0:00:10","MATLAB"
"Editor","7/10/2013 4:32:11 PM","7/10/2013 4:32:16 PM","0:00:05","MATLAB"
"MATLAB R2013a","7/10/2013 4:32:16 PM","7/10/2013 4:32:21 PM","0:00:05","MATLAB"
"Editor","7/10/2013 4:32:21 PM","7/10/2013 4:34:03 PM","0:01:42","MATLAB"
"MATLAB R2013a","7/10/2013 4:34:03 PM","7/10/2013 4:34:17 PM","0:00:14","MATLAB"
"Editor","7/10/2013 4:34:17 PM","7/10/2013 4:34:33 PM","0:00:16","MATLAB"
"MATLAB R2013a","7/10/2013 4:34:33 PM","7/10/2013 4:34:43 PM","0:00:10","MATLAB"
"Editor","7/10/2013 4:34:43 PM","7/10/2013 4:36:14 PM","0:01:31","MATLAB"
"MATLAB R2013a","7/10/2013 4:36:14 PM","7/10/2013 4:36:24 PM","0:00:10","MATLAB"
"Editor","7/10/2013 4:36:24 PM","7/10/2013 4:36:46 PM","0:00:22","MATLAB"
"Select File for Save As","7/10/2013 4:36:46 PM","7/10/2013 4:37:03 PM","0:00:17","MATLAB"
"Editor","7/10/2013 4:37:03 PM","7/10/2013 4:37:33 PM","0:00:30","MATLAB"
"MATLAB R2013a","7/10/2013 4:37:33 PM","7/10/2013 4:37:48 PM","0:00:15","MATLAB"
"Editor","7/10/2013 4:37:48 PM","7/10/2013 4:38:46 PM","0:00:58","MATLAB"
"MATLAB R2013a","7/10/2013 4:38:46 PM","7/10/2013 4:38:58 PM","0:00:12","MATLAB"
"Editor","7/10/2013 4:38:58 PM","7/10/2013 4:39:24 PM","0:00:26","MATLAB"
"MATLAB R2013a","7/10/2013 4:39:24 PM","7/10/2013 4:39:34 PM","0:00:10","MATLAB"
"Editor","7/10/2013 4:39:34 PM","7/10/2013 4:40:21 PM","0:00:47","MATLAB"
"MATLAB R2013a","7/10/2013 4:40:21 PM","7/10/2013 4:40:41 PM","0:00:20","MATLAB"
"Editor","7/10/2013 4:40:41 PM","7/10/2013 4:41:09 PM","0:00:28","MATLAB"
"MATLAB R2013a","7/10/2013 4:41:09 PM","7/10/2013 4:41:21 PM","0:00:12","MATLAB"
"Editor","7/10/2013 4:41:21 PM","7/10/2013 4:42:51 PM","0:01:30","MATLAB"
"MATLAB R2013a","7/10/2013 4:42:51 PM","7/10/2013 4:42:58 PM","0:00:07","MATLAB"
"Lead_1","7/10/2013 4:42:58 PM","7/10/2013 4:43:05 PM","0:00:07","MATLAB"
"MATLAB R2013a","7/10/2013 4:43:05 PM","7/10/2013 4:43:47 PM","0:00:42","MATLAB"
"ManicTime - TRIAL","7/10/2013 4:43:47 PM","7/10/2013 4:44:33 PM","0:00:46","ManicTime"
"Inbox - john.arthur.thompson@gmail.com - Gmail - Google Chrome","7/10/2013 5:05:15 PM","7/10/2013 5:09:48 PM","0:04:33","Google Chrome"
"ManicTime - TRIAL","7/10/2013 5:09:48 PM","7/10/2013 5:10:09 PM","0:00:21","ManicTime"
"Server manager","7/10/2013 5:10:09 PM","7/10/2013 5:10:15 PM","0:00:06","ManicTime"
"Export","7/10/2013 5:10:15 PM","7/10/2013 5:10:42 PM","0:00:27","ManicTime"
"Save As","7/10/2013 5:10:42 PM","7/10/2013 5:11:19 PM","0:00:37","ManicTime"
"Export","7/10/2013 5:11:19 PM","7/10/2013 5:11:24 PM","0:00:05","ManicTime"
"Save As","7/10/2013 5:11:24 PM","7/10/2013 5:11:30 PM","0:00:06","ManicTime"
